Entry,Logo,Start residue,End residue
A8DUK4_K145,VAAALAHKYH,137,147
A8DUK4_K18,AVSGLWGKVNADEVG,10,26
A8DUK4_K67,KVKAHGKKVITAFND,59,75
A8DUK4_K96,LSELHCDKLHVDPEN,88,104
D3Z7X0_K535,RLGDDQLKVAKMELK,527,543
E9PWW9_K1053,GGGVGRGKDISTITG,1045,1061
F8VPN4_K1303,WLLELSKKNIFPYHE,1295,1311
F8VPN4_K5,   MEHSKQIRILLL,1,13
Q569X9_K192,NRFDYKDKDFLSLIG,184,200
Q91VB8_K17,NIKAAWGKIGGHGAE,9,25
Q91VB8_K41,FASFPTTKTYFPHFD,33,49
Q99N15_K53,EGEAQAKKLGESCIF,45,61
Q99N15_K9,AAAVRSVKGLVAVVT,1,17
A2ATU0_K819,KHFYALLKQRESLGT,811,827
O08749_K132,EQKHSAVKALTGGIA,124,140
O08749_K143,GGIAHLFKQNKVVHV,135,151
O08749_K159,GFGKITGKNQVTATK,151,167
O08749_K277,FKFKLNTKVTGATKK,269,285
O08749_K334,LGIELDPKGRIPVNN,326,342
O08749_K66,KSAQLGFKTVCIEKN,58,74
O08997_K25,AVSRVLNKLGGVEFN,17,33
O08997_K60,ATLNKTGKAVSYLGP,52,68
O35129_K262,RAAQNISKTIATSQN,254,270
O35129_K97,ISSPTGSKDLQMVNI,89,105
O35488_K291,ATLALRSKFSASQFW,283,299
O35490_K132,TPSYLSCKSEVEVKK,124,140
O35490_K241,GLEAARLKAYLMSQP,233,249
O35490_K283,ATRWDIQKYAREAYN,275,291
O35728_K169,SVNIMLDKWEKLDGQ,161,177
O35728_K457,GSRNCIGKQFAMNEL,449,465
O35945_K412,VQQIMKFKSMDDVIK,404,420
O35945_K57,CHVEEGDKADVDKAV,49,65
O35945_K91,ERGRLLNKLADLMER,83,99
O55125_K191,IYELRTYKLKPGTMI,183,199
O55125_K193,ELRTYKLKPGTMIEW,185,201
O55125_K279,SRIMIPLKISPLQ,271,284
O55125_K73,KETSNLYKIQFHNVK,65,81
O55125_K80,KIQFHNVKPECLDAY,72,88
O70475_K370,HLHIYDPKVPREQIV,362,378
O88844_K159,VEITYTPKDGTQKVT,151,167
O88844_K224,KKYDGRFKDIFQEIY,216,232
O88844_K345,RGLAHRAKLDNNTEL,337,353
P00186_K440,NNNSAIDKTQSEKVM,432,448
P00329_K105,CGECRICKHPESNFC,97,113
P00329_K33,DIEVAPPKAHEVRIK,25,41
P00329_K339,LVADFMAKKFPLDPL,331,347
P00329_K340,VADFMAKKFPLDPLI,332,348
P00493_K103,TVDFIRLKSYCNDQS,95,111
P03930_K48,SLTTMKVKTPWELKW,40,56
P03930_K54,VKTPWELKWTKIYLP,46,62
P05202_K122,GENNEVLKSGRFVTV,114,130
P05202_K159,SRDVFLPKPSWGNHT,151,167
P05202_K185,GYRYYDPKTCGFDFS,177,193
P05202_K309,KRVESQLKILIRPLY,301,317
P05202_K338,LTSPDLRKQWLQEVK,330,346
P05202_K345,KQWLQEVKGMADRII,337,353
P05202_K387,MFCFTGLKPEQVERL,379,395
P05202_K396,EQVERLTKEFSVYMT,388,404
P05202_K404,EFSVYMTKDGRISVA,396,412
P05202_K59,KRDTNSKKMNLGVGA,51,67
P05202_K73,AYRDDNGKPYVLPSV,65,81
P05202_K82,YVLPSVRKAEAQIAA,74,90
P05202_K90,AEAQIAAKNLDKEYL,82,98
P06745_K142,RVRSGDWKGYTGKSI,134,150
P06745_K454,KELQAAGKSPEDLEK,446,462
P07724_K499,PVSEHVTKCCSGSLV,491,507
P07901_K284,KKKKIKEKYIDQEEL,276,292
P08113_K161,MTREELVKNLGTIAK,153,169
P08228_K10,MKAVCVLKGDGPVQG,2,18
P08228_K123,RTMVVHEKQDDLGKG,115,131
P08228_K137,GGNEESTKTGNAGSR,129,145
P08228_K71,HFNPHSKKHGGPADE,63,79
P08228_K92,LGNVTAGKDGVANVS,84,100
P08249_K157,ITAEVFKKHGVYNPN,149,165
P08249_K185,NTFVAELKGLDPARV,177,193
P08249_K203,VIGGHAGKTIIPLIS,195,211
P08249_K301,LGKKGLEKNLGIGKI,293,309
P08249_K307,EKNLGIGKITPFEEK,299,315
P08249_K329,ELKASIKKGEDFVKN,321,337
P08249_K78,IETRANVKGYLGPEQ,70,86
P08249_K91,EQLPDCLKGCDVVVI,83,99
P09411_K131,FHVEEEGKGKDASGN,123,139
P09411_K30,VDFNVPMKNNQITNN,22,38
P09411_K323,CGTESSKKYAEAVGR,315,331
P09411_K91,ELKSLLGKDVLFLKD,83,99
P10126_K165,TEPPYSQKRYEEIVK,157,173
P10126_K255,LPLQDVYKIGGIGTV,247,263
P10518_K252,GADMLMVKPGLPYLD,244,260
P10649_K129,KQKPEFLKTIPEKMK,121,137
P10649_K136,KTIPEKMKLYSEFLG,128,144
P10649_K144,LYSEFLGKRPWFAGD,136,152
P10649_K173,QYRMFEPKCLDAFPN,165,181
P10649_K52,QWLNEKFKLGLDFPN,44,60
P11352_K146,TALMTDPKYIIWSPV,138,154
P11352_K62,TEMNDLQKRLGPRGL,54,70
P11352_K95,EEILNSLKYVRPGGG,87,103
P11499_K481,SRMKETQKSIYYITG,473,489
P11679_K128,QNKMLETKWSLLQQQ,120,136
P11679_K331,QAEIEALKGQRASLE,323,339
P11983_K400,HDALCVVKRVLELKS,392,408
P11983_K494,GLDLVHGKPRDNKQA,486,502
P12710_K31,LPEDLIQKGKDIKGV,23,39
P12710_K36,IQKGKDIKGVSEIVH,28,44
P12710_K49,VHEGKKIKLTITYGP,41,57
P12710_K57,LTITYGPKVVRNEFT,49,65
P12710_K6,  MNFSGKYQLQSQE,1,14
P12710_K84,EKVKAVVKLEGDNKM,76,92
P12787_K68,IDAWELRKGMNTLVG,60,76
P12970_K212,TQVNSEDKGALAKLV,204,220
P14152_K110,KANVKIFKSQGTALE,102,118
P14152_K205,AKVKLQGKEVGVYEA,197,213
P14152_K298,VIKNKTWKFVEGLPI,290,306
P15105_K107,EVFKYNRKPAETNLR,99,115
P15532_K100,ETNPADSKPGTIRGD,92,108
P15532_K124,IHGSDSVKSAEKEIS,116,132
P16015_K135,NTFGEALKQPDGIAV,127,143
P16015_K153,FLKIGREKGEFQILL,145,161
P16015_K3,     MAKEWGYASH,1,11
P16015_K36,SPIELHTKDIKHDPS,28,44
P16015_K64,KTILNNGKTCRVVFD,56,72
P16332_K341,MFQPKNSKSLLLRAH,333,349
P16332_K52,AKKQLKGKNPEDLIW,44,60
P16460_K112,IAQREGAKYVSHGAT,104,120
P16460_K121,VSHGATGKGNDQVRF,113,129
P16460_K165,NDLMEYAKQHGIPIP,157,173
P16460_K228,DVLEIEFKKGVPVKV,220,236
P16460_K260,YLNEVAGKHGVGRID,252,268
P16460_K340,FVRHCIQKSQERVEG,332,348
P17182_K193,AEVYHNLKNVIKEKY,185,201
P17182_K228,KEALELLKTAIAKAG,220,236
P17182_K256,SEFYRSGKYDLDFKS,248,264
P17182_K343,SCNCLLLKVNQIGSV,335,351
P17182_K60,DKTRFMGKGVSQAVE,52,68
P17182_K71,QAVEHINKTIAPALV,63,79
P17182_K92,VEQEKIDKLMIEMDG,84,100
P17563_K342,YDISNPQKPRLAGQI,334,350
P17563_K52,ATVDVDPKSPQYSQV,44,60
P17665_K25,HYEEGPGKNLPFSVE,17,33
P17742_K125,KTEWLDGKHVVFGKV,117,133
P17742_K28,SFELFADKVPKTAEN,20,36
P19096_K1491,PELQQVLKHDLVMNV,1483,1499
P19096_K1840,FRYMAQGKHIGKVLV,1832,1848
P19096_K70,SFFGVHPKQAHTMDP,62,78
P19096_K790,PLMKRDHKDNLEFFL,782,798
P19096_K967,LWEDPNSKLFDHPEV,959,975
P19157_K128,KALPGHLKPFETLLS,120,136
P19157_K191,LSARPKIKAFLSSPE,183,199
P19157_K82,RSLGLYGKNQREAAQ,74,90
P19536_K56,EIMIAAQKGLDPYNM,48,64
P19536_K73,PKAASGTKEDPNLVP,65,81
P19783_K29,RAHGSVVKSEDYAFP,21,37
P19783_K67,KALKEKEKADWSSLS,59,75
P19783_K78,SSLSRDEKVQLYRIQ,70,86
P20029_K327,SETLTRAKFEELNMD,319,335
P20029_K82,RLIGDAAKNQLTSNP,74,90
P20108_K92,ELSLDDFKGKYLVLF,84,100
P21981_K648,VPAGDLVKARVDLFP,640,656
P22599_K292,LNKELISKILLNRRR,284,300
P24270_K243,YKTDQGIKNLPVGEA,235,251
P24270_K449,QVRTFYTKVLNEEER,441,457
P24270_K480,FIQKKAVKNFTDVHP,472,488
P24270_K522,AGSHMAAKGKANL,514,527
P24369_K71,LFGKTVPKTVDNFVA,63,79
P24549_K252,TGSTQVGKLIKEAAG,244,260
P24549_K321,SVYDEFVKRSVERAK,313,329
P24549_K412,VQQIMKFKSVDDVIK,404,420
P25688_K10,HYHDNYGKNDEVEFV,2,18
P25688_K164,IKDLKVLKTTQSGFE,156,172
P25688_K227,KFAGPYDKGEYSPSV,219,235
P25688_K23,FVRTGYGKDMVKVLH,15,31
P25688_K72,IIPTDTIKNTVHVLA,64,80
P26443_K162,DVSVDEVKALASLMT,154,170
P26443_K187,GGAKAGVKINPKNYT,179,195
P26443_K191,AGVKINPKNYTDNEL,183,199
P26443_K326,YLHRFGAKCVGVGES,318,334
P26443_K363,GSILGFPKAKVYEGS,355,371
P26443_K365,ILGFPKAKVYEGSIL,357,373
P26443_K390,ASEKQLTKSNAPRVK,382,398
P26443_K399,NAPRVKAKIIAEGAN,391,407
P26443_K457,SYGRLTFKYERDSNY,449,465
P26443_K480,SLERKFGKHGGTIPV,472,488
P26443_K503,RISGASEKDIVHSGL,495,511
P26443_K527,QIMRTAMKYNLGLDL,519,535
P26443_K548,NAIEKVFKVYNEAGV,540,556
P26443_K90,DKLVEDLKTRESEEQ,82,98
P27773_K218,LANKFEDKTVAYTEK,210,226
P28271_K141,RRADSLQKNQDLEFE,133,149
P28271_K396,FESCLGAKQGFKGFQ,388,404
P29758_K66,PVALERGKGIYMWDV,58,74
P30115_K138,RYFPAFEKVLKSHGQ,130,146
P30115_K141,PAFEKVLKSHGQDYL,133,149
P30115_K196,SNLPTVKKFLQPGSQ,188,204
P30115_K4,    MAGKPVLHYFD,1,12
P30115_K84,SKYNLYGKDMKERAI,76,92
P31786_K51,RPGLLDLKGKAKWDS,43,59
P31786_K55,LDLKGKAKWDSWNKL,47,63
P31786_K61,AKWDSWNKLKGTSKE,53,69
P31786_K8,MSQAEFDKAAEEVKR,0,16
P32020_K132,ERGSIGTKFSDRTTP,124,140
P32020_K183,TKVEHFAKIGWKNHK,175,191
P32020_K211,YSLEEVMKSKPVFDF,203,219
P32020_K432,SSAGDGFKANLVFKE,424,440
P32020_K443,VFKEIEKKLEEEGEQ,435,451
P32020_K470,VKDGPGGKEATWVVD,462,478
P32020_K522,QSAFFQGKLKIAGNM,514,530
P34884_K78,AQNRNYSKLLCGLLS,70,86
P34914_K176,LLDTLKAKPNEVVFL,168,184
P34914_K191,DDFGSNLKPARDMGM,183,199
P34914_K215,SALRELEKVTGTQFP,207,223
P34914_K473,RNTERNWKWSCKGLG,465,481
P34914_K504,VLRPEMSKNMEKWIP,496,512
P35486_K277,AAYCRSGKGPILMEL,269,285
P35486_K313,EIQEVRSKSDPIMLL,305,321
P35486_K77,TVRRMELKADQLYKQ,69,85
P35486_K83,LKADQLYKQKIIRGF,75,91
P35505_K371,ELSWKGTKAIDVEQG,363,379
P35505_K57,FTGPALSKHQHVFDE,49,65
P35700_K136,GLFIIDDKGILRQIT,128,144
P35700_K178,EVCPAGWKPGSDTIK,170,186
P35700_K185,KPGSDTIKPDVNKSK,177,193
P35700_K35,DISLSEYKGKYVVFF,27,43
P38060_K137,VSELFTRKNANCSIE,129,145
P38060_K179,LGCPYEGKVSPAKVA,171,187
P38060_K48,RDGLQNEKSIVPTPV,40,56
P38647_K135,YDDPEVQKDTKNVPF,127,143
P38647_K138,PEVQKDTKNVPFKIV,130,146
P38647_K300,ETGVDLTKDNMALQR,292,308
P38647_K394,GGMTRMPKVQQTVQD,386,402
P40142_K204,HQVDIYQKRCEAFGW,196,212
P40142_K232,CKAFGQAKHQPTAII,224,240
P40142_K260,DKEAWHGKPLPKNMA,252,268
P40142_K310,MPTPPSYKVGDKIAT,302,318
P40142_K499,AKVVLKSKDDQVTVI,491,507
P40142_K6,  MEGYHKPDQQKLQ,1,14
P42125_K222,PEDQVHSKARSVMTK,214,230
P42125_K229,KARSVMTKWLAIPDH,221,237
P42125_K270,NFTSFISKDSIQKSL,262,278
P42125_K76,LEKLENDKSIRGVIL,68,84
P42669_K272,KFGHTFCKYSEEMKK,264,280
P45952_K179,IKTKAEKKGDEYVIN,171,187
P45952_K212,ARSNPDPKVPASKAF,204,220
P45952_K217,DPKVPASKAFTGFIV,209,225
P47740_K296,KRLQSLLKGQKIAFG,288,304
P48036_K68,RDLVDDLKSELTGKF,60,76
P48678_K457,KFVRLRNKSNEDQSM,449,465
P48962_K23,GIAAAVSKTAVAPIE,15,31
P48962_K92,QALNFAFKDKYKQIF,84,100
P49429_K127,EPWVEQDKFGKVKFA,119,135
P49429_K132,QDKFGKVKFAVLQTY,124,140
P50136_K353,DEVNYWDKQDHPISR,345,361
P50247_K186,NVNDSVTKSKFDNLY,178,194
P50247_K412,KLTKLTEKQAQYLGM,404,420
P51660_K46,NDLGGDFKGIGKGSS,38,54
P51660_K564,AIKVRFAKPVYPGQT,556,572
P51660_K57,KGSSAADKVVAEIRR,49,65
P51660_K668,AKWTIDLKSGSGEVY,660,676
P51881_K105,IFLGGVDKRTQFWRY,97,113
P51881_K147,RLAADVGKAGAEREF,139,155
P51881_K155,AGAEREFKGLGDCLV,147,163
P51881_K163,GLGDCLVKIYKSDGI,155,171
P51881_K166,DCLVKIYKSDGIKGL,158,174
P51881_K199,FGIYDTAKGMLPDPK,191,207
P51881_K23,GVAAAISKTAVAPIE,15,31
P51881_K268,IARDEGSKAFFKGAW,260,276
P51881_K272,EGSKAFFKGAWSNVL,264,280
P51881_K63,DCVVRIPKEQGVLSF,55,71
P51881_K96,FAFKDKYKQIFLGGV,88,104
P52196_K14,YRALVSTKWLAESIR,6,22
P52825_K239,DELFTDTKARHLLVL,231,247
P52825_K305,VWAELRQKLIHGGNE,297,313
P52825_K544,KYHGQLTKEAAMGQG,536,552
P53395_K435,ALPRFDQKGDVYKAQ,427,443
P54071_K155,FREPIICKNIPRLVP,147,163
P54071_K180,HAHGDQYKATDFVVD,172,188
P54071_K243,FQYSIQKKWPLYLST,235,251
P54071_K272,IFQEIFDKHYKTDFD,264,280
P54071_K275,EIFDKHYKTDFDKNK,267,283
P54071_K282,KTDFDKNKIWYEHRL,274,290
P54071_K384,RGLEHRGKLDGNQDL,376,392
P54071_K45,HYAEKRIKVEKPVVE,37,53
P54071_K69,IWQFIKEKLILPHVD,61,77
P54869_K118,QRLMERTKLPWDAVG,110,126
P54869_K310,PFCKMVQKSLARLMF,302,318
P54869_K333,DKQNNLYKGLEAFRG,325,341
P54869_K354,YTNKDVDKALLKASL,346,362
P54869_K358,DVDKALLKASLDMFN,350,366
P54869_K367,SLDMFNQKTKASLYL,359,375
P54869_K427,FFSFRVSKDASPGSP,419,435
P54869_K447,SSVSDLPKRLDSRRR,439,455
P54869_K473,QREQFYHKVNFSPPG,465,481
P54869_K83,FNNVEAGKYTVGLGQ,75,91
P55096_K260,KMTIMEQKYEGEYRY,252,268
P55096_K529,QVIYPDGKEDQKKRG,521,537
P56382_K21,RFSQICAKAVRDALK,13,29
P56382_K28,KAVRDALKTEFKANA,20,36
P56382_K32,DALKTEFKANAEKTS,24,40
P56382_K37,EFKANAEKTSGSSIK,29,45
P56480_K124,EGLVRGQKVLDSGAP,116,132
P56480_K133,LDSGAPIKIPVGPET,125,141
P56480_K198,DLLAPYAKGGKIGLF,190,206
P56480_K259,ESGVINLKDATSKVA,251,267
P56480_K264,NLKDATSKVALVYGQ,256,272
P56480_K522,EAVAKADKLAEEHGS,514,530
P58252_K275,PANGKFSKSANSPDG,267,283
P58710_K398,GGRPHWAKAHNCTRK,390,406
P61161_K299,DTRSEFYKHIVLSGG,291,307
P61358_K27,GRKAVIVKNIDDGTS,19,35
P61358_K93,SVDIPLDKTVVNKDV,85,101
P61922_K413,NNVARVGKTLLTGLL,405,421
P61922_K452,PDEAIRNKLILIARN,444,460
P62702_K233,FVIGKGNKPWISLPR,225,241
P62702_K94,MDVISIDKTGENFRL,86,102
P62754_K203,KQRTKKNKEEAAEYA,195,211
P62806_K13,KGGKGLGKGGAKRHR,5,21
P62806_K17,GLGKGGAKRHRKVLR,9,25
P62806_K32,DNIQGITKPAIRRLA,24,40
P62806_K6,  MSGRGKGGKGLGK,1,14
P62806_K9,SGRGKGGKGLGKGGA,1,17
P62830_K113,VNNKGEMKGSAITGP,105,121
P62897_K28,VEKGGKHKTGPNLHG,20,36
P62897_K73,MEYLENPKKYIPGTK,65,81
P62908_K62,TQNVLGEKGRRIREL,54,70
P63038_K205,VITVKDGKTLNDELE,197,213
P63038_K236,INTSKGQKCEFQDAY,228,244
P63038_K359,KDDAMLLKGKGDKAH,351,367
P63038_K364,LLKGKGDKAHIEKRI,356,372
P63038_K481,IPAMTIAKNAGVEGS,473,489
P63038_K72,EQSWGSPKVTKDGVT,64,80
P63038_K91,IDLKDKYKNIGAKLV,83,99
P68033_K70,KRGILTLKYPIEHGI,62,78
P70694_K161,CKDAGLAKSIGVSNF,153,169
P70694_K185,KKPGLKYKPVCNQVE,177,193
P70694_K209,LLDFCRSKDIVLVAY,201,217
P70694_K301,KVLDDLNKNIRYISG,293,309
P70694_K39,SKATEATKIAIDAGF,31,47
P80317_K199,EIMEMKHKSETDTSL,191,207
P83870_K3,     MAKHHPDLIF,1,11
P84228_K10,RTKQTARKSTGGKAP,2,18
P84228_K15,ARKSTGGKAPRKQLA,7,23
P84228_K19,TGGKAPRKQLATKAA,11,27
P84228_K24,PRKQLATKAARKSAP,16,32
P97364_K274,QWLDNPEKWNKIKMV,266,282
P97450_K46,VQKLFVDKIREYKSK,38,54
P97450_K79,DRELYKLKQMYGKGE,71,87
P97450_K84,KLKQMYGKGEMDTFP,76,92
P97450_K94,MDTFPTFKFDDPKFE,86,102
P97450_K99,TFKFDDPKFEVIDKP,91,107
P97807_K170,GGELGSKKPVHPNDH,162,178
P97807_K220,DALSAKSKEFAQVIK,212,228
P97807_K260,QYAMVRIKAAMPRIY,252,268
P97807_K58,FDTFGELKVPTDKYY,50,66
P97807_K63,ELKVPTDKYYGAQTV,55,71
P97807_K77,VRSTMNFKIGGATER,69,85
Q01768_K135,KEIHLWFKPEELIDY,127,143
Q07417_K208,TDRSRQNKGISAFLV,200,216
Q07417_K262,GEPGMGFKIAMQTLD,254,270
Q07417_K306,AFGAPLTKLQNIQFK,298,314
Q3TXS7_K720,YSKVINDKHDDVMAK,712,728
Q3UEG6_K453,ISRQPLPKTEVNQIH,445,461
Q3UEG6_K70,SRVLAIHKQHLSPVD,62,78
Q3UEG6_K83,VDTAYFRKPLLLHQG,75,91
Q3UQ44_K940,YLLLKLFKTALEEEI,932,948
Q4LDG0_K416,GLRANVWKNFQQRFG,408,424
Q60864_K325,DAIHFYNKSLAEHRT,317,333
Q60931_K163,SFDTAKSKLSQNNFA,155,171
Q60931_K20,AAKDVFNKGYGFGMV,12,28
Q60931_K28,GYGFGMVKIDLKTKS,20,36
Q60931_K63,GNLETKYKVCNYGLT,55,71
Q60932_K237,TRFGIAAKYQVDPDA,229,245
Q60932_K279,LSALLDGKNVNAGGH,271,287
Q60932_K33,SARDVFTKGYGFGLI,25,41
Q61176_K17,IIGAPFSKGQPRGGV,9,25
Q61176_K191,PGEHYIIKTLGIKYF,183,199
Q61176_K26,QPRGGVEKGPAALRK,18,34
Q61176_K284,EVNPTLGKTAEEVKS,276,292
Q61176_K41,AGLLEKLKETEYDVR,33,49
Q61176_K6,  MSSKPKSLEIIGA,1,14
Q61176_K68,DSSFQIVKNPRSVGK,60,76
Q61176_K89,GVVAEVQKNGRVSVV,81,97
Q61425_K192,KTPMTSQKTFESLVD,184,200
Q61425_K202,ESLVDFCKTLGKHPV,194,210
Q61425_K241,HERGDASKEDIDTAM,233,249
Q61425_K68,DILAKSKKGIEESLK,60,76
Q61425_K87,KKFTENPKAGDEFVE,79,95
Q61586_K779,SATYCLVKNAVKMFK,771,787
Q61694_K207,TTVKTALKNNSIIKK,199,215
Q61694_K42,LFRTFGRKHEEELSK,34,50
Q61694_K60,KAKVRVLKGDILDAQ,52,68
Q61694_K70,ILDAQCLKRACQGMS,62,78
Q63836_K179,EVKGTWEKPGGASPM,171,187
Q63836_K289,EGTWSVEKVIQVPSK,281,297
Q64433_K40,LPEKSQGKVLQATVV,32,48
Q64433_K56,VGSGGKGKSGEIEPV,48,64
Q64433_K66,EIEPVSVKVGDKVLL,58,74
Q64433_K70,VSVKVGDKVLLPEYG,62,78
Q64433_K8,MAGQAFRKFLPLFDR,0,16
Q64433_K80,LPEYGGTKVVLDDKD,72,88
Q64442_K6,  MAAPAKGENLSLV,1,14
Q64442_K84,TKVGELVKHLKPGDR,76,92
Q64471_K204,RVEAAVGKDLFREAH,196,212
Q64471_K79,LYLAHKYKVPDHWYP,71,87
Q6P3A8_K239,PCIFFEPKILYRAAV,231,247
Q6PGB6_K34,FPVSYNDKFYKDVLE,26,42
Q6ZWN5_K155,IVRLDSQKHIDFSLR,147,163
Q6ZWN5_K93,VLDEGKMKLDYILGL,85,101
Q76MZ3_K280,AVGPEITKTDLVPAF,272,288
Q7TNG8_K422,AEEQRRVKAFAENLG,414,430
Q8BGL3_K138,YHYFNALKQGKEQVP,130,146
Q8BGL3_K238,SCLSNIEKHEFIMRK,230,246
Q8BGL3_K265,AQAEAFDKAFQEKAA,257,273
Q8BGT5_K511,KTVLHKVKDFHLKFL,503,519
Q8BH00_K305,SIYSEFLKRFVEATR,297,313
Q8BH00_K344,KVRSYVLKAQTEGAR,336,352
Q8BH95_K101,FAAGADIKEMQNRTF,93,109
Q8BH95_K115,FQDCYSSKFLSHWDH,107,123
Q8BH95_K204,RISAQDAKQAGLVSK,196,212
Q8BH95_K43,IITEKKGKNSSVGLI,35,51
Q8BIJ6_K479,PVLIRASKQWFVNIT,471,487
Q8BIJ6_K775,TKITDSYKQYDFGKV,767,783
Q8BJ64_K287,IKDGQRHKAYVSREV,279,295
Q8BJ64_K588,DKNVPVYKPQTLDTQ,580,596
Q8BMS1_K166,RIATKDRKTVLGVPE,158,174
Q8BMS1_K214,IRADRAKKMGLVDQL,206,222
Q8BMS1_K295,EKVKKQTKGLYPAPL,287,303
Q8BMS1_K326,GYLAESQKFGELALT,318,334
Q8BMS1_K406,RGQQQVFKGLNDKVK,398,414
Q8BMS1_K411,VFKGLNDKVKKKALT,403,419
Q8BMS1_K415,LNDKVKKKALTSFER,407,423
Q8BMS1_K436,LIGQLDYKGFEKADM,428,444
Q8BMS1_K46,THINYGVKGDVAVIR,38,54
Q8BMS1_K516,LEIITTDKTSKDTTA,508,524
Q8BMS1_K60,RINSPNSKVNTLNKE,52,68
Q8BMS1_K634,FLGRKSGKGFYIYQE,626,642
Q8BMS1_K644,YIYQEGSKNKSLNSE,636,652
Q8BMS1_K664,ANLRLPAKPEVSSDE,656,672
Q8BMS1_K728,VDLYGAQKVVDRLRK,720,736
Q8BP67_K27,RYARTDGKVFQFLNA,19,35
Q8BRH4_K2796,KTRDQGDKTMVLEDK,2788,2804
Q8BW75_K248,TGENVIVKTLNHEIY,240,256
Q8BW75_K52,TIRNKNVKYVDLGGS,44,60
Q8BW75_K81,ELGLETYKVNEVERL,73,89
Q8BWF0_K114,ERSLLLRKWYDLMIQ,106,122
Q8BWF0_K123,YDLMIQNKDDLAKII,115,131
Q8BWT1_K137,RNVRFGTKFGLDLKL,129,145
Q8BWT1_K158,GLTDQHVKLPMGMTA,150,166
Q8BWT1_K171,TAENLAAKYNISRED,163,179
Q8BWT1_K191,LQSQQRWKAANEAGY,183,199
Q8BWT1_K209,EMAPIEVKTKKGKQT,201,217
Q8BWT1_K214,EVKTKKGKQTMQVDE,206,222
Q8BWT1_K270,ASEDAVKKHNFTPLA,262,278
Q8BWT1_K340,ALDLDPSKTNVSGGA,332,348
Q8C196_K1074,PLYKNGVKIMGTSPL,1066,1082
Q8C196_K1168,EHPVVLTKFVEGARE,1160,1176
Q8C196_K1183,VEMDAVGKEGRVISH,1175,1191
Q8C196_K119,RDELGLNKYMESDGI,111,127
Q8C196_K1269,RSFPFVSKTLGVDFI,1261,1277
Q8C196_K1356,AMLSTGFKIPQKGIL,1348,1364
Q8C196_K1360,TGFKIPQKGILIGIQ,1352,1368
Q8C196_K1479,LFAEAVQKSRTVDSK,1471,1487
Q8C196_K1486,KSRTVDSKSLFHYRQ,1478,1494
Q8C196_K157,GQWLQEEKVPAIYGV,149,165
Q8C196_K182,DKGTMLGKIEFEGQS,174,190
Q8C196_K214,KDVKVFGKGNPTKVV,206,222
Q8C196_K219,FGKGNPTKVVAVDCG,211,227
Q8C196_K228,VAVDCGIKNNVIRLL,220,236
Q8C196_K287,KILESDRKEPLFGIS,279,295
Q8C196_K307,TGLAAGAKSYKMSMA,299,315
Q8C196_K402,FSLIKKGKGTTITSV,394,410
Q8C196_K412,TITSVLPKPALVASR,404,420
Q8C196_K44,RLLSVKAKTAHIVLE,36,52
Q8C196_K458,AMKEENVKTVLMNPN,450,466
Q8C196_K522,NCGVELFKRGVLKEY,514,530
Q8C196_K532,VLKEYGVKVLGTSVE,524,540
Q8C196_K55,IVLEDGTKMKGYSFG,47,63
Q8C196_K553,DRQLFSDKLNEINEK,545,561
Q8C196_K751,GIPLPEIKNVVSGKT,743,759
Q8C196_K757,IKNVVSGKTSACFEP,749,765
Q8C196_K793,SRIGSSMKSVGEVMA,785,801
Q8C196_K841,PANLDLKKELSEPSS,833,849
Q8C196_K856,TRIYAIAKALENNMS,848,864
Q8C196_K875,VRLTSIDKWFLYKMR,867,883
Q8C196_K889,RDILNMDKTLKGLNS,881,897
Q8C196_K892,LNMDKTLKGLNSDSV,884,900
Q8C196_K915,KEIGFSDKQISKCLG,907,923
Q8C196_K919,FSDKQISKCLGLTEA,911,927
Q8CGP1_K12,AKSAPAPKKGSKKAV,4,20
Q8CHR6_K384,MELAKEEKCEFLPFL,376,392
Q8CHT0_K113,DAALAARKEWDLKPM,105,121
Q8CHT0_K129,DRAQVFLKAADMLSG,121,137
Q8CHT0_K357,CSRLYVPKSLWPQIK,349,365
Q8CHT0_K364,KSLWPQIKGRLLEEH,356,372
Q8CHT0_K401,KAFARIKKWLEHARS,393,409
Q8CHT0_K508,GNFYINDKSTGSVVG,500,516
Q8CHT0_K551,QVIKETHKPLGDWRY,543,559
Q8CHT0_K92,NHAHKVAKFCYADKA,84,100
Q8CHT0_K98,AKFCYADKALLNRAI,90,106
Q8JZN5_K525,TLLLRFGKNIVEEQL,517,533
Q8JZQ2_K542,LSDAINEKHFEQAIE,534,550
Q8JZU2_K190,GLTATVLKQGSNQAI,182,198
Q8JZU2_K277,EGPKAFYKGTVPRLG,269,285
Q8JZU2_K97,LLYGSIPKAAVRFGM,89,105
Q8K1J6_K402,KVGISSGKEIGALLQ,394,410
Q8K2B3_K167,FSRTEDGKIYQRAFG,159,175
Q8K2B3_K182,GQSLKFGKGGQAHRC,174,190
Q8K2B3_K485,GDKVPSIKANAGEES,477,493
Q8K2B3_K547,SQLYGDLKHLKTFDR,539,555
Q8K2B3_K608,VDEYDYSKPIQGQQK,600,616
Q8K2B3_K633,TLSYVDIKTGKVTLE,625,641
Q8K411_K770,RKLPRIKKYLLNCDN,762,778
Q8QZR3_K296,HCLRAKSKQEILAIN,288,304
Q8QZT1_K171,ATPYGGVKLEDLIVK,163,179
Q8QZT1_K187,GLTDVYNKIHMGNCA,179,195
Q8QZT1_K220,LSSYTRSKEAWDAGK,212,228
Q8QZT1_K227,KEAWDAGKFASEITP,219,235
Q8QZT1_K260,YKRVDFSKVPKLKTV,252,268
Q8QZT1_K335,YAVPKVLKYAGLKKE,327,343
Q8QZT1_K63,LASQPATKLGTAAIQ,55,71
Q8R0Y6_K205,ATYEGIQKKETAMIN,197,213
Q8R0Y6_K21,EVYCQLRKEGHEVVG,13,29
Q8R0Y6_K229,NWIRGNDKVPGAWTE,221,237
Q8R0Y6_K290,DDRMLLVKNIQLEDG,282,298
Q8R0Y6_K38,TIPDKDGKADPLGLE,30,46
Q8R0Y6_K479,FENGLWGKINARDRG,471,487
Q8R0Y6_K660,EVGKHIMKSCALSNV,652,668
Q8R0Y6_K876,AAPFGGFKQSGFGKD,868,884
Q8R0Y6_K882,FKQSGFGKDLGEAAL,874,890
Q8R164_K191,KWSEKARKPLEALYG,183,199
Q8R164_K260,DFLLQHVKGSRLHLM,252,268
Q8R164_K271,LHLMPEGKHNLHLRF,263,279
Q8R4N0_K90,EARLRIAKTLEDFDL,82,98
Q8VC12_K500,RWIREAAKHQLVVGS,492,508
Q8VC28_K161,CKDAGLVKSIGVSNF,153,169
Q8VC28_K301,KTLDGLNKNFRYLPA,293,309
Q8VC30_K525,PVLTKAVKSAEAAAE,517,533
Q8VCH0_K238,LNDKGDKKTITVSQD,230,246
Q8VCN5_K140,FVDCSKTKLLEAAIT,132,148
Q8VCW8_K179,CKGIVFPKQFKTQQY,171,187
Q8VCW8_K182,IVFPKQFKTQQYYDI,174,190
Q8VCW8_K206,KAQPGALKSERLPDL,198,214
Q8VCZ9_K320,SMTQLQGKEDCTQPD,312,328
Q8VEK3_K328,PVRHLYTKDIDIHEV,320,336
Q8VEM8_K204,EAVPKMYKEEGLNAF,196,212
Q91V92_K544,EILIPVFKNMADAMK,536,552
Q91V92_K958,NKMKKEGKLIMGIGH,950,966
Q91V92_K968,MGIGHRVKSINNPDM,960,976
Q91VS7_K42,AFQRITNKVFANPED,34,50
Q91VS7_K55,EDCAGFGKGENAKKF,47,63
Q91VS7_K68,KFVRTDEKVERVRRA,60,76
Q91W43_K519,GLLGSSFKRTSPFLT,511,527
Q91WS0_K55,QIQKDNPKVVHAFDM,47,63
Q91WS0_K68,DMEDLGDKAVYCRCW,60,76
Q91WT9_K386,MSKFLSDKWMLQKGF,378,394
Q91X83_K352,ELLEVVNKNFDLRPG,344,360
Q91X83_K89,RVVRDTIKHIGYDDS,81,97
Q91XD4_K427,LEAIKLPKNTPEERD,419,435
Q91XD4_K526,SSLLQEAKTQAALVL,518,534
Q91XE0_K16,QMLQMLEKSLRKYLP,8,24
Q91XE0_K267,PVYSHTEKSNIAMQK,259,275
Q91XE0_K49,NLKALVDKWPDFNTV,41,57
Q91XF0_K100,SARMLLLKGFGKDGF,92,108
Q91Y97_K108,KGIVVGIKLDQGGAP,100,116
Q91Y97_K13,PALTPEQKKELSEIA,5,21
Q91Y97_K14,ALTPEQKKELSEIAQ,6,22
Q91Y97_K147,KDGVDFGKWRAVLRI,139,155
Q91Y97_K230,YLEGTLLKPNMVTAG,222,238
Q91Y97_K243,AGHACTKKYTPEQVA,235,251
Q91YP0_K105,IHSGIYYKPESLKAK,97,113
Q91YQ5_K539,AVLQSRLKTEGSDLC,531,547
Q91ZA3_K554,VIRPDVAKWELSVKL,546,562
Q91ZJ5_K291,NKTRADVKGGTLTQY,283,299
Q91ZJ5_K319,KAHVDEFKSVSKFKI,311,327
Q91ZJ5_K438,KLGSSFTKVQDYLRR,430,446
Q91ZJ5_K77,GPSVDWGKIQRPPED,69,85
Q922Q8_K73,KLDLSKNKLQQLPAD,65,81
Q925I1_K490,LVRMYFDKYVLKPAT,482,498
Q99J08_K11,RVGDLSPKQEEALAK,3,19
Q99J08_K117,GLLFSASKQDLLRTK,109,125
Q99J08_K51,ARSFDLQKSEAMLRK,43,59
Q99J39_K385,LSSGEWVKSEKLTQA,377,393
Q99JY0_K189,KMMLDLNKAKTLGQR,181,197
Q99JY0_K191,MLDLNKAKTLGQRLS,183,199
Q99JY0_K202,QRLSLLSKFRLNFLS,194,210
Q99JY0_K278,PGKDTVTKDNGIRPS,270,286
Q99JY0_K294,LEQMAKLKPAFIKPY,286,302
Q99JY0_K73,LLSGTSYKDLMPHDL,65,81
Q99K67_K253,HELREVSKTGDLRKV,245,261
Q99K67_K286,YDPVEYEKYPERYTS,278,294
Q99K67_K45,RRAPLAPKHIKGITK,37,53
Q99K67_K535,PVSLTVGKQEAKLQS,527,543
Q99K67_K56,GITKLGYKVLIQPSN,48,64
Q99K67_K707,YPNRDSIKYAEIYGI,699,715
Q99K67_K780,SSPCEKLKEVVFTKL,772,788
Q99KI0_K31,SVLCQRAKVAMSHFE,23,39
Q99KI0_K50,IRYDLLEKNINIVRK,42,58
Q99KI0_K517,ETDFLTGKDGKKFKL,509,525
Q99KI0_K523,GKDGKKFKLEAPDAD,515,531
Q99KI0_K573,QLLEPFDKWDGKDLE,565,581
Q99KI0_K591,ILIKVKGKCTTDHIS,583,599
Q99KI0_K689,GGRAIITKSFARIHE,681,697
Q99KI0_K723,NKIHPVDKLTIQGLK,715,731
Q99KR7_K189,KIESFGSKSGKTSKK,181,197
Q99KR7_K66,GRVVLELKADVVPKT,58,74
Q99KR7_K72,LKADVVPKTAENFRA,64,80
Q99KR7_K85,RALCTGEKGFGYKGS,77,93
Q99L13_K320,CSKGYSKKDFSSVFQ,312,328
Q99LB7_K174,KRLMSLGKAYGIESH,166,182
Q99LB7_K374,NRVPVLEKTGIKSTV,366,382
Q99LB7_K535,AYGNQAHKDYTYSRL,527,543
Q99LB7_K803,LAFTCKLKTSVPFLG,795,811
Q99LB7_K885,PVSLDFVKNGEYALE,877,893
Q99LC5_K59,SCLVAGTKCDKVVQD,51,67
Q99LC5_K62,VAGTKCDKVVQDLCK,54,70
Q99LC5_K69,KVVQDLCKVAGVAKV,61,77
Q99LC5_K85,VAQHDAYKGLLPEEL,77,93
Q99MR8_K180,VVEGYHGKDQSDQCL,172,188
Q99MR8_K577,YDMQIDNKSFRVLGD,569,585
Q99PT1_K141,RKGVKIDKTDYMVGS,133,149
Q9CPP6_K36,TKTLDILKHFPKHAA,28,44
Q9CPP6_K40,DILKHFPKHAAYRKY,32,48
Q9CPP6_K46,PKHAAYRKYTEQITN,38,54
Q9CPP6_K98,ARKMLKWKPWEPLVE,90,106
Q9CPY7_K221,RFAEIIEKNLKSASS,213,229
Q9CPY7_K476,REFVTHTKWAHLDIA,468,484
Q9CPY7_K61,SAGESFNKLVSGKLR,53,69
Q9CQ62_K106,TAEEISSKTGNKVHA,98,114
Q9CQ62_K110,ISSKTGNKVHAIRCD,102,118
Q9CQ62_K244,IIQPGPIKTKGAFSR,236,252
Q9CQ62_K319,NSLKKVTKEEWDIIE,311,327
Q9CQ75_K75,RYAFGQEKTVSLNNL,67,83
Q9CQQ7_K126,SFGEFIDKLNEEKIA,118,134
Q9CQQ7_K139,IAQLEEVKQSSMKQI,131,147
Q9CQQ7_K162,AQQALVQKRHYLFDV,154,170
Q9CQQ7_K221,HMIDWVEKHVVKSIS,213,229
Q9CQQ7_K225,WVEKHVVKSISVQQE,217,233
Q9CQR4_K127,LTNKTTGKLIAQGRH,119,135
Q9CQR4_K17,EVMKVMFKVPGFDRV,9,25
Q9CQZ6_K29,LPDYRQWKIEGTPLE,21,37
Q9CQZ6_K40,TPLETVQKKLAARGL,32,48
Q9CW03_K105,LRRVIGAKKDQYFLD,97,113
Q9CW03_K106,RRVIGAKKDQYFLDK,98,114
Q9CXJ4_K245,TTDVQEFKSSFKLVI,237,253
Q9CZ13_K248,QLLDLAQKHLSSVSR,240,256
Q9CZ13_K85,GSRYETEKNNGAGYF,77,93
Q9CZN7_K103,YSEGYPGKRYYGGAE,95,111
Q9CZN7_K305,TVDPKTGKEIPYTFE,297,313
Q9CZN7_K469,TAKLQDFKSFLLKDP,461,477
Q9CZU6_K450,GFPLERPKSMSTDGL,442,458
Q9CZU6_K76,YGGMRGMKGLVYETS,68,84
Q9D0F9_K16,TQAYPDQKPGTSGLR,8,24
Q9D0F9_K172,VDLGVLGKQQFDLEN,164,180
Q9D0F9_K486,PVDGSISKNQGLRLI,478,494
Q9D172_K231,TEAHVDQKNKVVTTP,223,239
Q9D2G2_K155,GAAPAKAKPAETPAP,147,163
Q9D2G2_K268,QEMRARHKDAFLKKH,260,276
Q9D404_K174,FQTKGYNKVSPFFVP,166,182
Q9D819_K194,VDWFRRYKVPDGKPE,186,202
Q9D819_K199,RYKVPDGKPENEFAF,191,207
Q9D819_K211,FAFNAEFKNKDFAVD,203,219
Q9D819_K221,DFAVDIIKSTHDYWK,213,229
Q9D819_K228,KSTHDYWKALVTKKT,220,236
Q9D826_K126,YLSSVDLKQRFPNIR,118,134
Q9D8E6_K14,LISVYSEKGESSGKN,6,22
Q9D8N0_K147,GLLDTHLKTRTFLVG,139,155
Q9D8N0_K434,GKAVNQGKIFK,426,437
Q9D8U8_K268,VIKKYLLKVAELFEK,260,276
Q9D939_K96,PQPSGVDKANEMPAP,88,104
Q9DB20_K162,SELKTVLKSFLSPNQ,154,170
Q9DB20_K176,QILKLEIKTDPSIMG,168,184
Q9DB20_K192,MIVRIGEKYVDMSAK,184,200
Q9DB20_K199,KYVDMSAKSKIQKLS,191,207
Q9DB20_K73,GQLLKDPKVSLAVLN,65,81
Q9DB77_K159,AALRSQLKIDKAVAF,151,167
Q9DB77_K199,CPDYRMGKITSEELH,191,207
Q9DB77_K250,GLGLAGAKAKYRGGE,242,258
Q9DB77_K66,SRIGLFVKAGSRYED,58,74
Q9DB77_K92,LASSLTTKGASSFKI,84,100
Q9DBG1_K512,APGMGEVKTVSRIVL,504,520
Q9DBJ1_K100,GGLTGLNKAETAAKH,92,108
Q9DBJ1_K106,NKAETAAKHGEAQVK,98,114
Q9DBJ1_K39,PAGHEEAKRGGQALR,31,47
Q9DBL1_K278,PETNILGKIGHGYKY,270,286
Q9DBL1_K284,GKIGHGYKYAIGSLN,276,292
Q9DBM2_K172,GILDVVVKSDPVEEA,164,180
Q9DBM2_K189,FAQTVIGKPIEPRRI,181,197
Q9DBM2_K217,VFAEAIAKVRKQYPG,209,225
Q9DBM2_K240,RSVQASVKHPYEVAI,232,248
Q9DBM2_K274,QYAFFAEKSANKWST,266,282
Q9DBM2_K278,FAEKSANKWSTPSGA,270,286
Q9DBM2_K348,TLEKEASKSGQASAK,340,356
Q9DBM2_K527,AGLDVGWKVRKGQGL,519,535
Q9DBM2_K579,KGWYQYDKPLGRIHK,571,587
Q9DBP5_K43,ELLRDERKNPDSQYG,35,51
Q9DBT9_K469,QRVSGLYKTLKSKCS,461,477
Q9DBT9_K516,EPVGSEYKQVMQRVG,508,524
Q9DBT9_K786,GNESIWYKGKVVGNT,778,794
Q9DBT9_K788,ESIWYKGKVVGNTTS,780,796
Q9DC50_K501,MKDCSHGKGFDRHLL,493,509
Q9DCM0_K172,DFQQGCAKTLYHSVH,164,180
Q9DCM2_K165,KISTQQVKNKLIENT,157,173
Q9DCM2_K167,STQQVKNKLIENTDA,159,175
Q9DCM2_K177,ENTDAACKYGAFGLP,169,185
Q9DCM2_K193,TVAHVDGKTYMLFGS,185,201
Q9DCS3_K267,ALNCVGGKSSTELLR,259,275
Q9DCS3_K317,FWLSQWKKNHSPDEF,309,325
Q9DCS3_K61,PAKVVQLKNLELTAV,53,69
Q9DCX2_K149,ETKLDKKKYPYWPHQ,141,157
Q9DCX2_K32,KAIGNALKSWNETFH,24,40
Q9DCX2_K48,RLASLSEKPPAIDWA,40,56
Q9DCX2_K63,YYRANVAKPGLVDDF,55,71
Q9DCX2_K78,EKKYNALKIPVPEDK,70,86
Q9DCX2_K85,KIPVPEDKYTALVDQ,77,93
Q9DCX2_K99,QEEKEDVKSCAEFVS,91,107
Q9EP89_K346,VERASGYKYLDYMQK,338,354
Q9EQ20_K129,LITLEQGKTLADAEG,121,137
Q9EQ20_K331,ILVGEAKKWLPELVD,323,339
Q9EQ20_K376,NLIDSGTKEGASILL,368,384
Q9EQ20_K47,VKLFIDGKFVESKSD,39,55
Q9EQ20_K55,FVESKSDKWIDIHNP,47,63
Q9EQ20_K76,GRVPQSTKAEMDAAV,68,84
Q9EQF5_K339,TCQKALGKDDFTKIP,331,347
Q9EQF5_K494,PVKRAPYKGEVTTLK,486,502
Q9ERS2_K7, MAASKVKQDMPPPG,1,15
Q9ERU3_K18,SRSASQGKAYESKRK,10,26
Q9ET01_K290,NDNFFEGKELRLKQE,282,298
Q9ET01_K364,IEKLPWAKAWEITKK,356,372
Q9ET01_K410,IIYEINQKHLDRIVA,402,418
Q9ET01_K421,RIVALFPKDISRMRR,413,429
Q9ET01_K465,KIHSDIVKTQVFKDF,457,473
Q9ET01_K521,KDLSQLTKLHSFVSD,513,529
Q9ET01_K78,TQQHYYDKCPKRVYY,70,86
Q9JHI5_K260,ELVFEDCKVPAANVL,252,268
Q9JHI5_K56,QLRHTISKFLQENLA,48,64
Q9JHI5_K76,IDQTNDFKNLREFWK,68,84
Q9JII6_K127,RGDNPFPKNADGTVR,119,135
Q9JII6_K23,LIGLGTWKSEPGQVK,15,31
Q9JII6_K240,VVLALAEKHGRSPAQ,232,248
Q9JII6_K263,RKVICIPKSINPSRI,255,271
Q9JLJ2_K298,GTRVFVQKEIADKFI,290,306
Q9JLJ2_K310,KFINEVVKQTQKIKL,302,318
Q9JLJ2_K316,VKQTQKIKLGDPLLE,308,324
Q9QXF8_K159,SEHRLALKNIASMVR,151,167
Q9QXF8_K201,YYKSDLTKDITTSVL,193,209
Q9QXF8_K238,DGSPGFSKFRLSYYP,230,246
Q9QXX4_K29,LKYASIEKNGEFFMS,21,37
Q9QXX4_K485,LGFFGIYKGAKACFL,477,493
Q9QXX4_K581,EGPKALWKGVAARVF,573,589
Q9R0P3_K198,YLGPDESKWKAYDAT,190,206
Q9R0P3_K200,GPDESKWKAYDATCL,192,208
Q9R0P5_K19,CRIFYDMKVRKCSTP,11,27
Q9WTP6_K28,LGPPGAGKGTQAPKL,20,36
Q9WTP6_K93,NLETPSCKNGFLLDG,85,101
Q9WTP7_K174,ETVIKRLKAYEAQTE,166,182
Q9WTP7_K20,MGAPGSGKGTVSSRI,12,28
Q9WTP7_K29,TVSSRITKHFELKHL,21,37
Q9WTP7_K34,ITKHFELKHLSSGDL,26,42
Q9WTP7_K64,KTFIDQGKLIPDDVM,56,72
Q9WTP7_K80,RLALHELKTLTQCSW,72,88
Q9WUM5_K54,RKHIYIDKNTKIICQ,46,62
Q9WUM5_K57,IYIDKNTKIICQGFT,49,65
Q9WUM5_K66,ICQGFTGKQGTFHSQ,58,74
Q9WUM5_K94,TPGKGGQKHLGLPVF,86,102
Q9WVM8_K263,IRADTFSKTVSSGLR,255,271
Q9WVM8_K339,SILAAADKWLRGLAE,331,347
Q9Z2I8_K140,KEGVKVNKVMVAEAL,132,148
Q9Z2I8_K219,LGFLGSLKNQAADQI,211,227
Q9Z2I9_K108,VLAGGRGKGTFTSGL,100,116
Q9Z2I9_K78,VPKGFVAKSSDEAYA,70,86
Q9Z2I9_K93,IAKKLGSKDVVIKAQ,85,101
Q9Z2M7_K206,TIYFFGDKTMPGGND,198,214
